{
  "results": {
    "arc_challenge": {
      "acc": 0.34982935153583616,
      "acc_stderr": 0.013936809212158287,
      "acc_norm": 0.37542662116040953,
      "acc_norm_stderr": 0.01415063143511173
    },
    "arc_easy": {
      "acc": 0.6317340067340067,
      "acc_stderr": 0.009897286209010888,
      "acc_norm": 0.5681818181818182,
      "acc_norm_stderr": 0.010163945352271737
    },
    "boolq": {
      "acc": 0.6669724770642201,
      "acc_stderr": 0.008243023912688885
    },
    "hellaswag": {
      "acc": 0.47868950408285205,
      "acc_stderr": 0.00498524726030409,
      "acc_norm": 0.6264688309101772,
      "acc_norm_stderr": 0.004827526584889693
    },
    "openbookqa": {
      "acc": 0.308,
      "acc_stderr": 0.020667032987466104,
      "acc_norm": 0.408,
      "acc_norm_stderr": 0.022000910893877183
    },
    "piqa": {
      "acc": 0.7377584330794341,
      "acc_stderr": 0.010262502565172445,
      "acc_norm": 0.7415669205658324,
      "acc_norm_stderr": 0.010213971636773308
    },
    "race_high": {
      "acc": 0.3617224880382775,
      "acc_stderr": 0.014871072026717743
    },
    "storycloze_2018": {
      "acc": 0.7771245323356494,
      "acc_stderr": 0.00962400056836926
    },
    "winogrande": {
      "acc": 0.5982636148382005,
      "acc_stderr": 0.013778439266649506
    }
  },
  "versions": {
    "arc_challenge": 0,
    "arc_easy": 0,
    "boolq": 1,
    "hellaswag": 0,
    "openbookqa": 0,
    "piqa": 0,
    "race_high": 1,
    "storycloze_2018": 0,
    "winogrande": 0
  },
  "config": {
    "model": "lora-pruner",
    "model_args": "pretrained=./llama_pruned_a100_4.5B,peft=finetune_results/a100_updatetokenizer_mark28-5_lr2e-4_bs8_AlpacaGPT4,prompt_mark=1,peft_mode=True",
    "num_fewshot": 0,
    "batch_size": null,
    "batch_sizes": [],
    "device": "cuda:0",
    "no_cache": true,
    "limit": null,
    "bootstrap_iters": 100000,
    "description_dict": {}
  }
}