{
  "results": {
    "arc_challenge": {
      "acc": 0.36860068259385664,
      "acc_stderr": 0.014097810678042184,
      "acc_norm": 0.40017064846416384,
      "acc_norm_stderr": 0.014317197787809178
    },
    "arc_easy": {
      "acc": 0.6755050505050505,
      "acc_stderr": 0.009606970654515781,
      "acc_norm": 0.6005892255892256,
      "acc_norm_stderr": 0.01005001822874213
    },
    "boolq": {
      "acc": 0.7807339449541284,
      "acc_stderr": 0.00723652009255924
    },
    "hellaswag": {
      "acc": 0.5403306114319857,
      "acc_stderr": 0.004973522582431213,
      "acc_norm": 0.7083250348536149,
      "acc_norm_stderr": 0.004536045368404716
    },
    "openbookqa": {
      "acc": 0.322,
      "acc_stderr": 0.020916668330019882,
      "acc_norm": 0.42,
      "acc_norm_stderr": 0.02209471322976178
    },
    "piqa": {
      "acc": 0.7519042437431991,
      "acc_stderr": 0.010077118315574722,
      "acc_norm": 0.7519042437431991,
      "acc_norm_stderr": 0.010077118315574708
    },
    "race_high": {
      "acc": 0.4,
      "acc_stderr": 0.015161960871578093
    },
    "storycloze_2018": {
      "acc": 0.8161411010154997,
      "acc_stderr": 0.008957857490950877
    },
    "winogrande": {
      "acc": 0.6708760852407262,
      "acc_stderr": 0.013206387089091462
    }
  },
  "versions": {
    "arc_challenge": 0,
    "arc_easy": 0,
    "boolq": 1,
    "hellaswag": 0,
    "openbookqa": 0,
    "piqa": 0,
    "race_high": 1,
    "storycloze_2018": 0,
    "winogrande": 0
  },
  "config": {
    "model": "lora-pruner",
    "model_args": "pretrained=./llama_pruned_5.4B,peft=finetune_results/mark25_LoRaApplyAll_lr2e-4_bs8_AlpacaGPT4,prompt_mark=1,peft_mode=True",
    "num_fewshot": 0,
    "batch_size": null,
    "batch_sizes": [],
    "device": "cuda:0",
    "no_cache": true,
    "limit": null,
    "bootstrap_iters": 100000,
    "description_dict": {}
  }
}