{
  "results": {
    "arc_challenge": {
      "acc": 0.3839590443686007,
      "acc_stderr": 0.01421244498065189,
      "acc_norm": 0.4087030716723549,
      "acc_norm_stderr": 0.014365750345427006
    },
    "arc_easy": {
      "acc": 0.6910774410774411,
      "acc_stderr": 0.009481048387761348,
      "acc_norm": 0.63510101010101,
      "acc_norm_stderr": 0.009878157021155649
    },
    "boolq": {
      "acc": 0.5446483180428134,
      "acc_stderr": 0.008710119143608428
    },
    "hellaswag": {
      "acc": 0.2651862178848835,
      "acc_stderr": 0.004405301508322377,
      "acc_norm": 0.27305317665803625,
      "acc_norm_stderr": 0.004446173999993621
    },
    "openbookqa": {
      "acc": 0.154,
      "acc_stderr": 0.016158285192455327,
      "acc_norm": 0.258,
      "acc_norm_stderr": 0.01958671178521584
    },
    "piqa": {
      "acc": 0.7464635473340587,
      "acc_stderr": 0.010150090834551784,
      "acc_norm": 0.7486398258977149,
      "acc_norm_stderr": 0.01012115601681925
    },
    "race_high": {
      "acc": 0.3952153110047847,
      "acc_stderr": 0.015130978883893868
    },
    "storycloze_2018": {
      "acc": 0.5398182789951897,
      "acc_stderr": 0.011525709570367509
    },
    "winogrande": {
      "acc": 0.5011838989739542,
      "acc_stderr": 0.014052446290529009
    }
  },
  "versions": {
    "arc_challenge": 0,
    "arc_easy": 0,
    "boolq": 1,
    "hellaswag": 0,
    "openbookqa": 0,
    "piqa": 0,
    "race_high": 1,
    "storycloze_2018": 0,
    "winogrande": 0
  },
  "config": {
    "model": "lora-pruner",
    "model_args": "pretrained=./llama_pruned_5.4B,peft=./finetune_results/mark25_LoRaApplyAll_lr5e-6_bs8_AlpacaGPT4,prompt_mark=0,peft_mode=True",
    "num_fewshot": 0,
    "batch_size": null,
    "batch_sizes": [],
    "device": "cuda:0",
    "no_cache": true,
    "limit": null,
    "bootstrap_iters": 100000,
    "description_dict": {}
  }
}