{
  "results": {
    "arc_challenge": {
      "acc": 0.378839590443686,
      "acc_stderr": 0.01417591549000032,
      "acc_norm": 0.39078498293515357,
      "acc_norm_stderr": 0.014258563880513778
    },
    "arc_easy": {
      "acc": 0.6750841750841751,
      "acc_stderr": 0.009610203604504817,
      "acc_norm": 0.5921717171717171,
      "acc_norm_stderr": 0.01008395024004122
    },
    "boolq": {
      "acc": 0.7785932721712538,
      "acc_stderr": 0.007261783047273562
    },
    "hellaswag": {
      "acc": 0.5354511053574985,
      "acc_stderr": 0.004977223485342016,
      "acc_norm": 0.701453893646684,
      "acc_norm_stderr": 0.0045668504212537965
    },
    "openbookqa": {
      "acc": 0.316,
      "acc_stderr": 0.020812359515855864,
      "acc_norm": 0.412,
      "acc_norm_stderr": 0.022033677993740865
    },
    "piqa": {
      "acc": 0.7529923830250272,
      "acc_stderr": 0.010062268140772618,
      "acc_norm": 0.750272034820457,
      "acc_norm_stderr": 0.010099232969867478
    },
    "race_high": {
      "acc": 0.40382775119617226,
      "acc_stderr": 0.015185661294969257
    },
    "storycloze_2018": {
      "acc": 0.8188134687332977,
      "acc_stderr": 0.008907065396988231
    },
    "winogrande": {
      "acc": 0.6669297553275454,
      "acc_stderr": 0.01324619402807066
    }
  },
  "versions": {
    "arc_challenge": 0,
    "arc_easy": 0,
    "boolq": 1,
    "hellaswag": 0,
    "openbookqa": 0,
    "piqa": 0,
    "race_high": 1,
    "storycloze_2018": 0,
    "winogrande": 0
  },
  "config": {
    "model": "lora-pruner",
    "model_args": "pretrained=./llama_pruned_5.4B,peft=./finetune_results/mark25_LoRaApplyAll_lr5e-6_bs8_AlpacaGPT4,prompt_mark=1-1,peft_mode=True",
    "num_fewshot": 0,
    "batch_size": null,
    "batch_sizes": [],
    "device": "cuda:0",
    "no_cache": true,
    "limit": null,
    "bootstrap_iters": 100000,
    "description_dict": {}
  }
}