{
  "results": {
    "arc_challenge": {
      "acc": 0.36945392491467577,
      "acc_stderr": 0.014104578366491902,
      "acc_norm": 0.39505119453924914,
      "acc_norm_stderr": 0.014285898292938175
    },
    "arc_easy": {
      "acc": 0.6994949494949495,
      "acc_stderr": 0.009407763090599318,
      "acc_norm": 0.6313131313131313,
      "acc_norm_stderr": 0.009899640855681045
    },
    "boolq": {
      "acc": 0.7648318042813456,
      "acc_stderr": 0.00741762378974346
    },
    "hellaswag": {
      "acc": 0.5296753634734117,
      "acc_stderr": 0.004980985384152899,
      "acc_norm": 0.7011551483768174,
      "acc_norm_stderr": 0.004568161710399551
    },
    "openbookqa": {
      "acc": 0.33,
      "acc_stderr": 0.021049612166134796,
      "acc_norm": 0.43,
      "acc_norm_stderr": 0.02216263442665284
    },
    "piqa": {
      "acc": 0.7568008705114254,
      "acc_stderr": 0.010009611953858927,
      "acc_norm": 0.7568008705114254,
      "acc_norm_stderr": 0.010009611953858922
    },
    "race_high": {
      "acc": 0.39617224880382773,
      "acc_stderr": 0.015137296245565167
    },
    "storycloze_2018": {
      "acc": 0.8022447888829503,
      "acc_stderr": 0.009210784413665785
    },
    "winogrande": {
      "acc": 0.6953433307024467,
      "acc_stderr": 0.012935646499325305
    }
  },
  "versions": {
    "arc_challenge": 0,
    "arc_easy": 0,
    "boolq": 1,
    "hellaswag": 0,
    "openbookqa": 0,
    "piqa": 0,
    "race_high": 1,
    "storycloze_2018": 0,
    "winogrande": 0
  },
  "config": {
    "model": "lora-pruner",
    "model_args": "pretrained=./llama_pruned_a100_5.4B,peft=finetune_results/a100_updatetokenizer_mark25_LoRaApplyAll_lr1e-5_bs8_AlpacaGPT4,prompt_mark=1-1,peft_mode=True",
    "num_fewshot": 0,
    "batch_size": null,
    "batch_sizes": [],
    "device": "cuda:0",
    "no_cache": true,
    "limit": null,
    "bootstrap_iters": 100000,
    "description_dict": {}
  }
}