{
  "results": {
    "arc_challenge": {
      "acc": 0.3361774744027304,
      "acc_stderr": 0.01380485502620576,
      "acc_norm": 0.3430034129692833,
      "acc_norm_stderr": 0.013872423223718164
    },
    "arc_easy": {
      "acc": 0.6275252525252525,
      "acc_stderr": 0.009920469215736024,
      "acc_norm": 0.5568181818181818,
      "acc_norm_stderr": 0.010193324837773495
    },
    "boolq": {
      "acc": 0.6889908256880733,
      "acc_stderr": 0.00809628633972826
    },
    "hellaswag": {
      "acc": 0.46086436964748057,
      "acc_stderr": 0.004974473255391268,
      "acc_norm": 0.6027683728340968,
      "acc_norm_stderr": 0.004883246579496653
    },
    "openbookqa": {
      "acc": 0.296,
      "acc_stderr": 0.020435342091896142,
      "acc_norm": 0.39,
      "acc_norm_stderr": 0.021834685869369205
    },
    "piqa": {
      "acc": 0.7187159956474428,
      "acc_stderr": 0.010490509832327423,
      "acc_norm": 0.7176278563656148,
      "acc_norm_stderr": 0.010502821668555363
    },
    "race_high": {
      "acc": 0.3712918660287081,
      "acc_stderr": 0.014953126515089406
    },
    "storycloze_2018": {
      "acc": 0.7520042757883485,
      "acc_stderr": 0.009986457273160236
    },
    "winogrande": {
      "acc": 0.6298342541436464,
      "acc_stderr": 0.013570454689603911
    }
  },
  "versions": {
    "arc_challenge": 0,
    "arc_easy": 0,
    "boolq": 1,
    "hellaswag": 0,
    "openbookqa": 0,
    "piqa": 0,
    "race_high": 1,
    "storycloze_2018": 0,
    "winogrande": 0
  },
  "config": {
    "model": "lora-pruner",
    "model_args": "pretrained=./llama_pruned_4.5B,peft=./finetune_results/mark28-5_lr5e-5_bs8_AlpacaGPT4,prompt_mark=1-1,peft_mode=True",
    "num_fewshot": 0,
    "batch_size": null,
    "batch_sizes": [],
    "device": "cuda:0",
    "no_cache": true,
    "limit": null,
    "bootstrap_iters": 100000,
    "description_dict": {}
  }
}