{
  "results": {
    "arc_challenge": {
      "acc": 0.36689419795221845,
      "acc_stderr": 0.014084133118104294,
      "acc_norm": 0.3771331058020478,
      "acc_norm_stderr": 0.01416336689619259
    },
    "arc_easy": {
      "acc": 0.6540404040404041,
      "acc_stderr": 0.009760749624427512,
      "acc_norm": 0.5845959595959596,
      "acc_norm_stderr": 0.010111869494911517
    },
    "boolq": {
      "acc": 0.6681957186544343,
      "acc_stderr": 0.008235412870849402
    },
    "hellaswag": {
      "acc": 0.4733120892252539,
      "acc_stderr": 0.004982668452118941,
      "acc_norm": 0.6240788687512447,
      "acc_norm_stderr": 0.004833699243292338
    },
    "openbookqa": {
      "acc": 0.304,
      "acc_stderr": 0.020591649571224925,
      "acc_norm": 0.408,
      "acc_norm_stderr": 0.022000910893877183
    },
    "piqa": {
      "acc": 0.735582154515778,
      "acc_stderr": 0.010289787244767163,
      "acc_norm": 0.7448313384113167,
      "acc_norm_stderr": 0.010171571592521828
    },
    "race_high": {
      "acc": 0.3684210526315789,
      "acc_stderr": 0.014929174445557298
    },
    "storycloze_2018": {
      "acc": 0.7659005879208979,
      "acc_stderr": 0.009791868211495303
    },
    "winogrande": {
      "acc": 0.6085240726124704,
      "acc_stderr": 0.013717487071290852
    }
  },
  "versions": {
    "arc_challenge": 0,
    "arc_easy": 0,
    "boolq": 1,
    "hellaswag": 0,
    "openbookqa": 0,
    "piqa": 0,
    "race_high": 1,
    "storycloze_2018": 0,
    "winogrande": 0
  },
  "config": {
    "model": "lora-pruner",
    "model_args": "pretrained=./llama_pruned_a100_4.5B,peft=finetune_results/a100_mark28-5_applyall_lr5e-5_bs8_AlpacaGPT4,prompt_mark=1-1,peft_mode=True",
    "num_fewshot": 0,
    "batch_size": null,
    "batch_sizes": [],
    "device": "cuda:0",
    "no_cache": true,
    "limit": null,
    "bootstrap_iters": 100000,
    "description_dict": {}
  }
}