{
  "results": {
    "arc_challenge": {
      "acc": 0.3267918088737201,
      "acc_stderr": 0.01370666597558734,
      "acc_norm": 0.32849829351535836,
      "acc_norm_stderr": 0.013724978465537363
    },
    "arc_easy": {
      "acc": 0.6115319865319865,
      "acc_stderr": 0.010001276044485228,
      "acc_norm": 0.5484006734006734,
      "acc_norm_stderr": 0.010211600726405236
    },
    "boolq": {
      "acc": 0.6113149847094801,
      "acc_stderr": 0.008525580498982971
    },
    "hellaswag": {
      "acc": 0.38020314678350925,
      "acc_stderr": 0.0048444452655826455,
      "acc_norm": 0.48894642501493724,
      "acc_norm_stderr": 0.00498856194427739
    },
    "openbookqa": {
      "acc": 0.154,
      "acc_stderr": 0.01615828519245534,
      "acc_norm": 0.292,
      "acc_norm_stderr": 0.02035437548053008
    },
    "piqa": {
      "acc": 0.7023939064200218,
      "acc_stderr": 0.010667353792388213,
      "acc_norm": 0.7143634385201306,
      "acc_norm_stderr": 0.010539303948661915
    },
    "race_high": {
      "acc": 0.33779904306220093,
      "acc_stderr": 0.014637734314782857
    },
    "storycloze_2018": {
      "acc": 0.6445750935328701,
      "acc_stderr": 0.011068528452399877
    },
    "winogrande": {
      "acc": 0.4964483030781373,
      "acc_stderr": 0.01405213114691586
    }
  },
  "versions": {
    "arc_challenge": 0,
    "arc_easy": 0,
    "boolq": 1,
    "hellaswag": 0,
    "openbookqa": 0,
    "piqa": 0,
    "race_high": 1,
    "storycloze_2018": 0,
    "winogrande": 0
  },
  "config": {
    "model": "lora-pruner",
    "model_args": "pretrained=./llama_pruned_4.5B_applyall,peft=finetune_results/mark28-5_applyall_lr1e-4_bs8_AlpacaGPT4,prompt_mark=0,peft_mode=True",
    "num_fewshot": 0,
    "batch_size": null,
    "batch_sizes": [],
    "device": "cuda:0",
    "no_cache": true,
    "limit": null,
    "bootstrap_iters": 100000,
    "description_dict": {}
  }
}