{
  "results": {
    "arc_challenge": {
      "acc": 0.3779863481228669,
      "acc_stderr": 0.014169664520303101,
      "acc_norm": 0.386518771331058,
      "acc_norm_stderr": 0.014230084761910473
    },
    "arc_easy": {
      "acc": 0.6738215488215489,
      "acc_stderr": 0.009619849417035172,
      "acc_norm": 0.5959595959595959,
      "acc_norm_stderr": 0.010069061649549552
    },
    "boolq": {
      "acc": 0.7788990825688074,
      "acc_stderr": 0.007258191261757478
    },
    "hellaswag": {
      "acc": 0.5377414857598088,
      "acc_stderr": 0.004975546018950673,
      "acc_norm": 0.7048396733718383,
      "acc_norm_stderr": 0.0045518262729780596
    },
    "openbookqa": {
      "acc": 0.322,
      "acc_stderr": 0.020916668330019882,
      "acc_norm": 0.41,
      "acc_norm_stderr": 0.022017482578127683
    },
    "piqa": {
      "acc": 0.7513601741022851,
      "acc_stderr": 0.010084511234296859,
      "acc_norm": 0.749183895538629,
      "acc_norm_stderr": 0.010113869547069044
    },
    "race_high": {
      "acc": 0.4,
      "acc_stderr": 0.015161960871578091
    },
    "storycloze_2018": {
      "acc": 0.8198824158204169,
      "acc_stderr": 0.008886546944887266
    },
    "winogrande": {
      "acc": 0.6740331491712708,
      "acc_stderr": 0.013173782636922184
    }
  },
  "versions": {
    "arc_challenge": 0,
    "arc_easy": 0,
    "boolq": 1,
    "hellaswag": 0,
    "openbookqa": 0,
    "piqa": 0,
    "race_high": 1,
    "storycloze_2018": 0,
    "winogrande": 0
  },
  "config": {
    "model": "lora-pruner",
    "model_args": "pretrained=./llama_pruned_5.4B,peft=./finetune_results/mark25_LoRaApplyAll_lr1e-5_bs8_AlpacaGPT4,prompt_mark=1,peft_mode=True",
    "num_fewshot": 0,
    "batch_size": null,
    "batch_sizes": [],
    "device": "cuda:0",
    "no_cache": true,
    "limit": null,
    "bootstrap_iters": 100000,
    "description_dict": {}
  }
}