{
  "results": {
    "arc_challenge": {
      "acc": 0.35665529010238906,
      "acc_stderr": 0.013998056902620204,
      "acc_norm": 0.37627986348122866,
      "acc_norm_stderr": 0.014157022555407166
    },
    "arc_easy": {
      "acc": 0.6346801346801347,
      "acc_stderr": 0.009880576614806924,
      "acc_norm": 0.571969696969697,
      "acc_norm_stderr": 0.010152943316426263
    },
    "boolq": {
      "acc": 0.6966360856269113,
      "acc_stderr": 0.008040396817430642
    },
    "hellaswag": {
      "acc": 0.47829117705636326,
      "acc_stderr": 0.004985076094464754,
      "acc_norm": 0.6294562836088429,
      "acc_norm_stderr": 0.004819633668832536
    },
    "openbookqa": {
      "acc": 0.316,
      "acc_stderr": 0.020812359515855857,
      "acc_norm": 0.416,
      "acc_norm_stderr": 0.02206494331392887
    },
    "piqa": {
      "acc": 0.720892274211099,
      "acc_stderr": 0.010465657948498228,
      "acc_norm": 0.7366702937976061,
      "acc_norm_stderr": 0.010276185322196764
    },
    "race_high": {
      "acc": 0.36555023923444974,
      "acc_stderr": 0.014904654247182307
    },
    "storycloze_2018": {
      "acc": 0.7653661143773384,
      "acc_stderr": 0.009799618712987212
    },
    "winogrande": {
      "acc": 0.5990528808208366,
      "acc_stderr": 0.013773974554948028
    }
  },
  "versions": {
    "arc_challenge": 0,
    "arc_easy": 0,
    "boolq": 1,
    "hellaswag": 0,
    "openbookqa": 0,
    "piqa": 0,
    "race_high": 1,
    "storycloze_2018": 0,
    "winogrande": 0
  },
  "config": {
    "model": "lora-pruner",
    "model_args": "pretrained=./llama_pruned_a100_4.5B,peft=finetune_results/a100_mark28-5_applyall_lr2e-4_bs8_AlpacaGPT4,prompt_mark=1-1,peft_mode=True",
    "num_fewshot": 0,
    "batch_size": null,
    "batch_sizes": [],
    "device": "cuda:0",
    "no_cache": true,
    "limit": null,
    "bootstrap_iters": 100000,
    "description_dict": {}
  }
}