{
  "results": {
    "arc_challenge": {
      "acc": 0.3924914675767918,
      "acc_stderr": 0.014269634635670705,
      "acc_norm": 0.4087030716723549,
      "acc_norm_stderr": 0.014365750345427006
    },
    "arc_easy": {
      "acc": 0.6919191919191919,
      "acc_stderr": 0.009473887075826333,
      "acc_norm": 0.6363636363636364,
      "acc_norm_stderr": 0.009870849346011755
    },
    "boolq": {
      "acc": 0.7443425076452599,
      "acc_stderr": 0.0076297131917712835
    },
    "hellaswag": {
      "acc": 0.5299741087432782,
      "acc_stderr": 0.004980807231136743,
      "acc_norm": 0.6908982274447322,
      "acc_norm_stderr": 0.004611787665905336
    },
    "openbookqa": {
      "acc": 0.34,
      "acc_stderr": 0.021206117013673063,
      "acc_norm": 0.428,
      "acc_norm_stderr": 0.022149790663861926
    },
    "piqa": {
      "acc": 0.7562568008705114,
      "acc_stderr": 0.010017199471500617,
      "acc_norm": 0.749183895538629,
      "acc_norm_stderr": 0.010113869547069046
    },
    "race_high": {
      "acc": 0.3799043062200957,
      "acc_stderr": 0.015021600804935639
    },
    "storycloze_2018": {
      "acc": 0.7963655799037948,
      "acc_stderr": 0.00931238732977914
    },
    "winogrande": {
      "acc": 0.6629834254143646,
      "acc_stderr": 0.013284955769395253
    }
  },
  "versions": {
    "arc_challenge": 0,
    "arc_easy": 0,
    "boolq": 1,
    "hellaswag": 0,
    "openbookqa": 0,
    "piqa": 0,
    "race_high": 1,
    "storycloze_2018": 0,
    "winogrande": 0
  },
  "config": {
    "model": "lora-pruner",
    "model_args": "pretrained=./llama_pruned_a100_5B,peft=finetune_results/a100_updatetokenizer_mark28-2_LoRaApplyAll_lr2e-4_bs8_AlpacaGPT4,prompt_mark=1,peft_mode=True",
    "num_fewshot": 0,
    "batch_size": null,
    "batch_sizes": [],
    "device": "cuda:0",
    "no_cache": true,
    "limit": null,
    "bootstrap_iters": 100000,
    "description_dict": {}
  }
}