{
  "results": {
    "arc_challenge": {
      "acc": 0.35494880546075086,
      "acc_stderr": 0.013983036904094106,
      "acc_norm": 0.3771331058020478,
      "acc_norm_stderr": 0.014163366896192589
    },
    "arc_easy": {
      "acc": 0.6321548821548821,
      "acc_stderr": 0.009894923464455188,
      "acc_norm": 0.5694444444444444,
      "acc_norm_stderr": 0.01016034539686008
    },
    "boolq": {
      "acc": 0.6856269113149847,
      "acc_stderr": 0.008120058321124831
    },
    "hellaswag": {
      "acc": 0.4794861581358295,
      "acc_stderr": 0.004985580065946456,
      "acc_norm": 0.6293567018522207,
      "acc_norm_stderr": 0.00481989994534249
    },
    "openbookqa": {
      "acc": 0.314,
      "acc_stderr": 0.020776701920308997,
      "acc_norm": 0.42,
      "acc_norm_stderr": 0.02209471322976178
    },
    "piqa": {
      "acc": 0.7285092491838956,
      "acc_stderr": 0.010376251176596137,
      "acc_norm": 0.7383025027203483,
      "acc_norm_stderr": 0.010255630772708232
    },
    "race_high": {
      "acc": 0.3588516746411483,
      "acc_stderr": 0.014845215125262316
    },
    "storycloze_2018": {
      "acc": 0.7664350614644575,
      "acc_stderr": 0.009784095957309282
    },
    "winogrande": {
      "acc": 0.6077348066298343,
      "acc_stderr": 0.013722400462000888
    }
  },
  "versions": {
    "arc_challenge": 0,
    "arc_easy": 0,
    "boolq": 1,
    "hellaswag": 0,
    "openbookqa": 0,
    "piqa": 0,
    "race_high": 1,
    "storycloze_2018": 0,
    "winogrande": 0
  },
  "config": {
    "model": "lora-pruner",
    "model_args": "pretrained=./llama_pruned_a100_4.5B,peft=finetune_results/a100_mark28-5_applyall_lr2e-4_bs8_AlpacaGPT4,prompt_mark=1,peft_mode=True",
    "num_fewshot": 0,
    "batch_size": null,
    "batch_sizes": [],
    "device": "cuda:0",
    "no_cache": true,
    "limit": null,
    "bootstrap_iters": 100000,
    "description_dict": {}
  }
}