{
  "results": {
    "arc_challenge": {
      "acc": 0.36860068259385664,
      "acc_stderr": 0.014097810678042185,
      "acc_norm": 0.3890784982935154,
      "acc_norm_stderr": 0.014247309976045609
    },
    "arc_easy": {
      "acc": 0.6952861952861953,
      "acc_stderr": 0.009444871667360211,
      "acc_norm": 0.6279461279461279,
      "acc_norm_stderr": 0.009918187193096475
    },
    "boolq": {
      "acc": 0.6776758409785932,
      "acc_stderr": 0.008174288670486748
    },
    "hellaswag": {
      "acc": 0.5394343756223859,
      "acc_stderr": 0.004974238284524836,
      "acc_norm": 0.7114120693089027,
      "acc_norm_stderr": 0.004521798577922141
    },
    "openbookqa": {
      "acc": 0.314,
      "acc_stderr": 0.020776701920308997,
      "acc_norm": 0.398,
      "acc_norm_stderr": 0.02191237788577997
    },
    "piqa": {
      "acc": 0.7725788900979326,
      "acc_stderr": 0.009779850767847242,
      "acc_norm": 0.779651795429815,
      "acc_norm_stderr": 0.009670535456853141
    },
    "race_high": {
      "acc": 0.3588516746411483,
      "acc_stderr": 0.014845215125262315
    },
    "storycloze_2018": {
      "acc": 0.7787279529663281,
      "acc_stderr": 0.009599206970230706
    },
    "winogrande": {
      "acc": 0.6345698500394633,
      "acc_stderr": 0.013533965097638788
    }
  },
  "versions": {
    "arc_challenge": 0,
    "arc_easy": 0,
    "boolq": 1,
    "hellaswag": 0,
    "openbookqa": 0,
    "piqa": 0,
    "race_high": 1,
    "storycloze_2018": 0,
    "winogrande": 0
  },
  "config": {
    "model": "llm-pruner",
    "model_args": "checkpoint=../LLM-Pruner/prune_log/llama2_prune_5.4b_mix/pytorch_model.bin,peft=../LLM-Pruner/tune_log/llama2_5.4b_mix_gpt4alpaca,config_pretrained=meta-llama/Llama-2-7b-hf",
    "num_fewshot": 0,
    "batch_size": null,
    "batch_sizes": [],
    "device": "cuda:0",
    "no_cache": true,
    "limit": null,
    "bootstrap_iters": 100000,
    "description_dict": {}
  }
}