{
  "results": {
    "arc_challenge": {
      "acc": 0.3720136518771331,
      "acc_stderr": 0.014124597881844461,
      "acc_norm": 0.3924914675767918,
      "acc_norm_stderr": 0.014269634635670712
    },
    "arc_easy": {
      "acc": 0.6957070707070707,
      "acc_stderr": 0.009441202922359181,
      "acc_norm": 0.625,
      "acc_norm_stderr": 0.009933992677987828
    },
    "boolq": {
      "acc": 0.7642201834862385,
      "acc_stderr": 0.007424293019510439
    },
    "hellaswag": {
      "acc": 0.5284803823939455,
      "acc_stderr": 0.004981680090303693,
      "acc_norm": 0.7004580760804621,
      "acc_norm_stderr": 0.004571212360565281
    },
    "openbookqa": {
      "acc": 0.328,
      "acc_stderr": 0.021017027165175492,
      "acc_norm": 0.426,
      "acc_norm_stderr": 0.022136577335085637
    },
    "piqa": {
      "acc": 0.7551686615886833,
      "acc_stderr": 0.01003230910556879,
      "acc_norm": 0.7573449401523396,
      "acc_norm_stderr": 0.01000200256970869
    },
    "race_high": {
      "acc": 0.39330143540669854,
      "acc_stderr": 0.015118162186149142
    },
    "storycloze_2018": {
      "acc": 0.8043826830571886,
      "acc_stderr": 0.009173059317840175
    },
    "winogrande": {
      "acc": 0.6929755327545383,
      "acc_stderr": 0.01296368861696948
    }
  },
  "versions": {
    "arc_challenge": 0,
    "arc_easy": 0,
    "boolq": 1,
    "hellaswag": 0,
    "openbookqa": 0,
    "piqa": 0,
    "race_high": 1,
    "storycloze_2018": 0,
    "winogrande": 0
  },
  "config": {
    "model": "lora-pruner",
    "model_args": "pretrained=./llama_pruned_a100_5.4B,peft=finetune_results/a100_updatetokenizer_mark25_LoRaApplyAll_lr1e-5_bs8_AlpacaGPT4,prompt_mark=1,peft_mode=True",
    "num_fewshot": 0,
    "batch_size": null,
    "batch_sizes": [],
    "device": "cuda:0",
    "no_cache": true,
    "limit": null,
    "bootstrap_iters": 100000,
    "description_dict": {}
  }
}