{
  "results": {
    "arc_challenge": {
      "acc": 0.35494880546075086,
      "acc_stderr": 0.013983036904094099,
      "acc_norm": 0.37457337883959047,
      "acc_norm_stderr": 0.014144193471893444
    },
    "arc_easy": {
      "acc": 0.6548821548821548,
      "acc_stderr": 0.009755139387152046,
      "acc_norm": 0.5879629629629629,
      "acc_norm_stderr": 0.010099765857562759
    },
    "boolq": {
      "acc": 0.736697247706422,
      "acc_stderr": 0.007703086288558768
    },
    "hellaswag": {
      "acc": 0.4993029277036447,
      "acc_stderr": 0.00498977656227611,
      "acc_norm": 0.6528579964150567,
      "acc_norm_stderr": 0.0047508844010951574
    },
    "openbookqa": {
      "acc": 0.322,
      "acc_stderr": 0.02091666833001988,
      "acc_norm": 0.402,
      "acc_norm_stderr": 0.021948929609938606
    },
    "piqa": {
      "acc": 0.7285092491838956,
      "acc_stderr": 0.01037625117659614,
      "acc_norm": 0.73449401523395,
      "acc_norm_stderr": 0.010303308653024429
    },
    "race_high": {
      "acc": 0.39330143540669854,
      "acc_stderr": 0.015118162186149142
    },
    "storycloze_2018": {
      "acc": 0.8001068947087119,
      "acc_stderr": 0.009248091340827429
    },
    "winogrande": {
      "acc": 0.6464088397790055,
      "acc_stderr": 0.01343654126259995
    }
  },
  "versions": {
    "arc_challenge": 0,
    "arc_easy": 0,
    "boolq": 1,
    "hellaswag": 0,
    "openbookqa": 0,
    "piqa": 0,
    "race_high": 1,
    "storycloze_2018": 0,
    "winogrande": 0
  },
  "config": {
    "model": "lora-pruner",
    "model_args": "pretrained=./llama_pruned_5B,peft=./finetune_results/mark28-2_LoRaApplyAll_lr2e-4_bs8_AlpacaGPT4,prompt_mark=1,peft_mode=True",
    "num_fewshot": 0,
    "batch_size": null,
    "batch_sizes": [],
    "device": "cuda:0",
    "no_cache": true,
    "limit": null,
    "bootstrap_iters": 100000,
    "description_dict": {}
  }
}