{
  "results": {
    "arc_challenge": {
      "acc": 0.378839590443686,
      "acc_stderr": 0.01417591549000032,
      "acc_norm": 0.39505119453924914,
      "acc_norm_stderr": 0.014285898292938169
    },
    "arc_easy": {
      "acc": 0.6919191919191919,
      "acc_stderr": 0.009473887075826332,
      "acc_norm": 0.6342592592592593,
      "acc_norm_stderr": 0.009882988069418841
    },
    "boolq": {
      "acc": 0.7262996941896025,
      "acc_stderr": 0.0077980876386284275
    },
    "hellaswag": {
      "acc": 0.519717187811193,
      "acc_stderr": 0.004985900172317694,
      "acc_norm": 0.6810396335391357,
      "acc_norm_stderr": 0.004651211311633845
    },
    "openbookqa": {
      "acc": 0.338,
      "acc_stderr": 0.021175665695209407,
      "acc_norm": 0.442,
      "acc_norm_stderr": 0.022231970696321122
    },
    "piqa": {
      "acc": 0.7600652883569097,
      "acc_stderr": 0.009963625892809545,
      "acc_norm": 0.7519042437431991,
      "acc_norm_stderr": 0.010077118315574703
    },
    "race_high": {
      "acc": 0.3799043062200957,
      "acc_stderr": 0.01502160080493564
    },
    "storycloze_2018": {
      "acc": 0.7856761090326029,
      "acc_stderr": 0.009489345579843014
    },
    "winogrande": {
      "acc": 0.6669297553275454,
      "acc_stderr": 0.013246194028070642
    }
  },
  "versions": {
    "arc_challenge": 0,
    "arc_easy": 0,
    "boolq": 1,
    "hellaswag": 0,
    "openbookqa": 0,
    "piqa": 0,
    "race_high": 1,
    "storycloze_2018": 0,
    "winogrande": 0
  },
  "config": {
    "model": "lora-pruner",
    "model_args": "pretrained=./llama_pruned_a100_5B,peft=finetune_results/a100_mark28-2_LoRaApplyAll_lr1e-5_bs8_AlpacaGPT4,prompt_mark=1,peft_mode=True",
    "num_fewshot": 0,
    "batch_size": null,
    "batch_sizes": [],
    "device": "cuda:0",
    "no_cache": true,
    "limit": null,
    "bootstrap_iters": 100000,
    "description_dict": {}
  }
}