{
  "results": {
    "arc_challenge": {
      "acc": 0.32593856655290104,
      "acc_stderr": 0.013697432466693237,
      "acc_norm": 0.3361774744027304,
      "acc_norm_stderr": 0.01380485502620576
    },
    "arc_easy": {
      "acc": 0.6157407407407407,
      "acc_stderr": 0.009981120724601434,
      "acc_norm": 0.5395622895622896,
      "acc_norm_stderr": 0.010227616386289017
    },
    "boolq": {
      "acc": 0.6308868501529052,
      "acc_stderr": 0.0084401086252314
    },
    "hellaswag": {
      "acc": 0.4477195777733519,
      "acc_stderr": 0.004962429881904029,
      "acc_norm": 0.5904202350129456,
      "acc_norm_stderr": 0.004907512103128348
    },
    "openbookqa": {
      "acc": 0.286,
      "acc_stderr": 0.020229346329177517,
      "acc_norm": 0.378,
      "acc_norm_stderr": 0.021706550824518184
    },
    "piqa": {
      "acc": 0.7083786724700761,
      "acc_stderr": 0.010604441527428786,
      "acc_norm": 0.7040261153427638,
      "acc_norm_stderr": 0.010650414317148131
    },
    "race_high": {
      "acc": 0.34832535885167465,
      "acc_stderr": 0.014745439038731602
    },
    "storycloze_2018": {
      "acc": 0.7520042757883485,
      "acc_stderr": 0.009986457273160236
    },
    "winogrande": {
      "acc": 0.6132596685082873,
      "acc_stderr": 0.01368721476188305
    }
  },
  "versions": {
    "arc_challenge": 0,
    "arc_easy": 0,
    "boolq": 1,
    "hellaswag": 0,
    "openbookqa": 0,
    "piqa": 0,
    "race_high": 1,
    "storycloze_2018": 0,
    "winogrande": 0
  },
  "config": {
    "model": "lora-pruner",
    "model_args": "pretrained=./llama_pruned_4.5B_applyall,peft=finetune_results/mark28-5_applyall_lr1e-4_bs8_AlpacaGPT4,prompt_mark=1-1,peft_mode=True",
    "num_fewshot": 0,
    "batch_size": null,
    "batch_sizes": [],
    "device": "cuda:0",
    "no_cache": true,
    "limit": null,
    "bootstrap_iters": 100000,
    "description_dict": {}
  }
}