{
  "results": {
    "arc_challenge": {
      "acc": 0.37542662116040953,
      "acc_stderr": 0.01415063143511173,
      "acc_norm": 0.3916382252559727,
      "acc_norm_stderr": 0.014264122124938211
    },
    "arc_easy": {
      "acc": 0.6755050505050505,
      "acc_stderr": 0.009606970654515781,
      "acc_norm": 0.5938552188552189,
      "acc_norm_stderr": 0.010077409815364062
    },
    "boolq": {
      "acc": 0.7788990825688074,
      "acc_stderr": 0.00725819126175748
    },
    "hellaswag": {
      "acc": 0.5367456681935869,
      "acc_stderr": 0.004976288321681821,
      "acc_norm": 0.7028480382393946,
      "acc_norm_stderr": 0.004560700317927808
    },
    "openbookqa": {
      "acc": 0.318,
      "acc_stderr": 0.020847571620814007,
      "acc_norm": 0.412,
      "acc_norm_stderr": 0.022033677993740862
    },
    "piqa": {
      "acc": 0.7524483133841132,
      "acc_stderr": 0.010069703966857099,
      "acc_norm": 0.7486398258977149,
      "acc_norm_stderr": 0.01012115601681925
    },
    "race_high": {
      "acc": 0.4019138755980861,
      "acc_stderr": 0.015173931321917513
    },
    "storycloze_2018": {
      "acc": 0.8166755745590594,
      "acc_stderr": 0.008947756283082328
    },
    "winogrande": {
      "acc": 0.6708760852407262,
      "acc_stderr": 0.013206387089091462
    }
  },
  "versions": {
    "arc_challenge": 0,
    "arc_easy": 0,
    "boolq": 1,
    "hellaswag": 0,
    "openbookqa": 0,
    "piqa": 0,
    "race_high": 1,
    "storycloze_2018": 0,
    "winogrande": 0
  },
  "config": {
    "model": "lora-pruner",
    "model_args": "pretrained=./llama_pruned_5.4B,peft=./finetune_results/mark25_LoRaApplyAll_lr5e-6_bs8_AlpacaGPT4,prompt_mark=1,peft_mode=True",
    "num_fewshot": 0,
    "batch_size": null,
    "batch_sizes": [],
    "device": "cuda:0",
    "no_cache": true,
    "limit": null,
    "bootstrap_iters": 100000,
    "description_dict": {}
  }
}