{
  "results": {
    "arc_challenge": {
      "acc": 0.37542662116040953,
      "acc_stderr": 0.01415063143511173,
      "acc_norm": 0.40273037542662116,
      "acc_norm_stderr": 0.014332236306790147
    },
    "arc_easy": {
      "acc": 0.6961279461279462,
      "acc_stderr": 0.009437524848293738,
      "acc_norm": 0.6287878787878788,
      "acc_norm_stderr": 0.009913599001845743
    },
    "boolq": {
      "acc": 0.7694189602446483,
      "acc_stderr": 0.007366917025520442
    },
    "hellaswag": {
      "acc": 0.5353515236008763,
      "acc_stderr": 0.004977294024778004,
      "acc_norm": 0.7058354909380602,
      "acc_norm_stderr": 0.004547350179286244
    },
    "openbookqa": {
      "acc": 0.342,
      "acc_stderr": 0.021236147199899268,
      "acc_norm": 0.436,
      "acc_norm_stderr": 0.0221989546414768
    },
    "piqa": {
      "acc": 0.7529923830250272,
      "acc_stderr": 0.010062268140772625,
      "acc_norm": 0.7513601741022851,
      "acc_norm_stderr": 0.010084511234296857
    },
    "race_high": {
      "acc": 0.4019138755980861,
      "acc_stderr": 0.01517393132191752
    },
    "storycloze_2018": {
      "acc": 0.8059861036878675,
      "acc_stderr": 0.009144487961617587
    },
    "winogrande": {
      "acc": 0.6882399368587214,
      "acc_stderr": 0.013018571197638546
    }
  },
  "versions": {
    "arc_challenge": 0,
    "arc_easy": 0,
    "boolq": 1,
    "hellaswag": 0,
    "openbookqa": 0,
    "piqa": 0,
    "race_high": 1,
    "storycloze_2018": 0,
    "winogrande": 0
  },
  "config": {
    "model": "lora-pruner",
    "model_args": "pretrained=./llama_pruned_a100_5.4B,peft=./finetune_results/a100_updatetokenizer_mark25_LoRaApplyAll_lr1e-4_bs8_AlpacaGPT4,prompt_mark=1-1,peft_mode=True",
    "num_fewshot": 0,
    "batch_size": null,
    "batch_sizes": [],
    "device": "cuda:0",
    "no_cache": true,
    "limit": null,
    "bootstrap_iters": 100000,
    "description_dict": {}
  }
}