{
  "results": {
    "arc_challenge": {
      "acc": 0.37627986348122866,
      "acc_stderr": 0.014157022555407172,
      "acc_norm": 0.40187713310580203,
      "acc_norm_stderr": 0.014327268614578274
    },
    "arc_easy": {
      "acc": 0.6881313131313131,
      "acc_stderr": 0.00950582334581765,
      "acc_norm": 0.6334175084175084,
      "acc_norm_stderr": 0.00988778658532396
    },
    "boolq": {
      "acc": 0.7363914373088685,
      "acc_stderr": 0.007705958419083051
    },
    "hellaswag": {
      "acc": 0.5230033857797252,
      "acc_stderr": 0.004984497871025245,
      "acc_norm": 0.6867157936666003,
      "acc_norm_stderr": 0.004628809258483528
    },
    "openbookqa": {
      "acc": 0.34,
      "acc_stderr": 0.021206117013673063,
      "acc_norm": 0.442,
      "acc_norm_stderr": 0.022231970696321122
    },
    "piqa": {
      "acc": 0.7578890097932536,
      "acc_stderr": 0.009994371269104371,
      "acc_norm": 0.7513601741022851,
      "acc_norm_stderr": 0.010084511234296857
    },
    "race_high": {
      "acc": 0.3837320574162679,
      "acc_stderr": 0.015050418634703647
    },
    "storycloze_2018": {
      "acc": 0.7888829502939605,
      "acc_stderr": 0.009437286415175758
    },
    "winogrande": {
      "acc": 0.6629834254143646,
      "acc_stderr": 0.013284955769395252
    }
  },
  "versions": {
    "arc_challenge": 0,
    "arc_easy": 0,
    "boolq": 1,
    "hellaswag": 0,
    "openbookqa": 0,
    "piqa": 0,
    "race_high": 1,
    "storycloze_2018": 0,
    "winogrande": 0
  },
  "config": {
    "model": "lora-pruner",
    "model_args": "pretrained=./llama_pruned_a100_5B,peft=finetune_results/a100_updatetokenizer_mark28-2_LoRaApplyAll_lr5e-5_bs8_AlpacaGPT4,prompt_mark=1,peft_mode=True",
    "num_fewshot": 0,
    "batch_size": null,
    "batch_sizes": [],
    "device": "cuda:0",
    "no_cache": true,
    "limit": null,
    "bootstrap_iters": 100000,
    "description_dict": {}
  }
}