{
  "results": {
    "arc_challenge": {
      "acc": 0.3225255972696246,
      "acc_stderr": 0.013659980894277376,
      "acc_norm": 0.34044368600682595,
      "acc_norm_stderr": 0.01384746051889298
    },
    "arc_easy": {
      "acc": 0.6102693602693603,
      "acc_stderr": 0.010007169391797051,
      "acc_norm": 0.539983164983165,
      "acc_norm_stderr": 0.010226927233491502
    },
    "boolq": {
      "acc": 0.6302752293577981,
      "acc_stderr": 0.00844300280133714
    },
    "hellaswag": {
      "acc": 0.442441744672376,
      "acc_stderr": 0.004956609327218395,
      "acc_norm": 0.5899223262298346,
      "acc_norm_stderr": 0.004908423147162034
    },
    "openbookqa": {
      "acc": 0.284,
      "acc_stderr": 0.020186703693570854,
      "acc_norm": 0.378,
      "acc_norm_stderr": 0.021706550824518188
    },
    "piqa": {
      "acc": 0.7132752992383025,
      "acc_stderr": 0.010551314503108063,
      "acc_norm": 0.7121871599564744,
      "acc_norm_stderr": 0.01056325038305919
    },
    "race_high": {
      "acc": 0.35023923444976074,
      "acc_stderr": 0.014764164998575972
    },
    "storycloze_2018": {
      "acc": 0.7536076964190273,
      "acc_stderr": 0.009964727533753553
    },
    "winogrande": {
      "acc": 0.6077348066298343,
      "acc_stderr": 0.013722400462000885
    }
  },
  "versions": {
    "arc_challenge": 0,
    "arc_easy": 0,
    "boolq": 1,
    "hellaswag": 0,
    "openbookqa": 0,
    "piqa": 0,
    "race_high": 1,
    "storycloze_2018": 0,
    "winogrande": 0
  },
  "config": {
    "model": "lora-pruner",
    "model_args": "pretrained=./llama_pruned_4.5B_applyall,peft=finetune_results/mark28-5_applyall_lr1e-4_bs8_AlpacaGPT4,prompt_mark=1,peft_mode=True",
    "num_fewshot": 0,
    "batch_size": null,
    "batch_sizes": [],
    "device": "cuda:0",
    "no_cache": true,
    "limit": null,
    "bootstrap_iters": 100000,
    "description_dict": {}
  }
}