{
  "results": {
    "arc_challenge": {
      "acc": 0.3839590443686007,
      "acc_stderr": 0.014212444980651889,
      "acc_norm": 0.4069965870307167,
      "acc_norm_stderr": 0.014356399418009124
    },
    "arc_easy": {
      "acc": 0.6893939393939394,
      "acc_stderr": 0.009495260551195608,
      "acc_norm": 0.6325757575757576,
      "acc_norm_stderr": 0.009892552616211544
    },
    "boolq": {
      "acc": 0.7452599388379205,
      "acc_stderr": 0.007620703281690059
    },
    "hellaswag": {
      "acc": 0.5284803823939455,
      "acc_stderr": 0.004981680090303699,
      "acc_norm": 0.6874128659629556,
      "acc_norm_stderr": 0.004626002828389149
    },
    "openbookqa": {
      "acc": 0.324,
      "acc_stderr": 0.020950557312477455,
      "acc_norm": 0.442,
      "acc_norm_stderr": 0.02223197069632112
    },
    "piqa": {
      "acc": 0.7513601741022851,
      "acc_stderr": 0.010084511234296862,
      "acc_norm": 0.7464635473340587,
      "acc_norm_stderr": 0.010150090834551793
    },
    "race_high": {
      "acc": 0.39043062200956935,
      "acc_stderr": 0.015098481039495083
    },
    "storycloze_2018": {
      "acc": 0.7910208444681989,
      "acc_stderr": 0.009402095229142756
    },
    "winogrande": {
      "acc": 0.6637726913970008,
      "acc_stderr": 0.01327728659399344
    }
  },
  "versions": {
    "arc_challenge": 0,
    "arc_easy": 0,
    "boolq": 1,
    "hellaswag": 0,
    "openbookqa": 0,
    "piqa": 0,
    "race_high": 1,
    "storycloze_2018": 0,
    "winogrande": 0
  },
  "config": {
    "model": "lora-pruner",
    "model_args": "pretrained=./llama_pruned_a100_5B,peft=finetune_results/a100_mark28-2_LoRaApplyAll_lr1e-4_bs8_AlpacaGPT4,prompt_mark=1,peft_mode=True",
    "num_fewshot": 0,
    "batch_size": null,
    "batch_sizes": [],
    "device": "cuda:0",
    "no_cache": true,
    "limit": null,
    "bootstrap_iters": 100000,
    "description_dict": {}
  }
}