{
  "results": {
    "arc_challenge": {
      "acc": 0.3609215017064846,
      "acc_stderr": 0.014034761386175452,
      "acc_norm": 0.35580204778157,
      "acc_norm_stderr": 0.013990571137918757
    },
    "arc_easy": {
      "acc": 0.6367845117845118,
      "acc_stderr": 0.0098683971361188,
      "acc_norm": 0.5694444444444444,
      "acc_norm_stderr": 0.010160345396860082
    },
    "boolq": {
      "acc": 0.7051987767584098,
      "acc_stderr": 0.007974674313851819
    },
    "hellaswag": {
      "acc": 0.46773551085441145,
      "acc_stderr": 0.0049793818767126154,
      "acc_norm": 0.6107349133638718,
      "acc_norm_stderr": 0.0048658712901433485
    },
    "openbookqa": {
      "acc": 0.272,
      "acc_stderr": 0.019920483209566076,
      "acc_norm": 0.4,
      "acc_norm_stderr": 0.021930844120728505
    },
    "piqa": {
      "acc": 0.7279651795429815,
      "acc_stderr": 0.010382763786247374,
      "acc_norm": 0.7285092491838956,
      "acc_norm_stderr": 0.010376251176596135
    },
    "race_high": {
      "acc": 0.3598086124401914,
      "acc_stderr": 0.014853898144597888
    },
    "storycloze_2018": {
      "acc": 0.7557455905932656,
      "acc_stderr": 0.009935465370822575
    },
    "winogrande": {
      "acc": 0.5753749013417522,
      "acc_stderr": 0.013891893150264225
    }
  },
  "versions": {
    "arc_challenge": 0,
    "arc_easy": 0,
    "boolq": 1,
    "hellaswag": 0,
    "openbookqa": 0,
    "piqa": 0,
    "race_high": 1,
    "storycloze_2018": 0,
    "winogrande": 0
  },
  "config": {
    "model": "lora-pruner",
    "model_args": "pretrained=./llama_pruned_a100_4.5B_LoRaApplyAll,peft=finetune_results/a100_updatetokenizer_mark28-5_LoRaApplyAll_lr1e-5_bs8_AlpacaGPT4,prompt_mark=1,peft_mode=True",
    "num_fewshot": 0,
    "batch_size": null,
    "batch_sizes": [],
    "device": "cuda:0",
    "no_cache": true,
    "limit": null,
    "bootstrap_iters": 100000,
    "description_dict": {}
  }
}