{
  "results": {
    "arc_challenge": {
      "acc": 0.38054607508532423,
      "acc_stderr": 0.014188277712349822,
      "acc_norm": 0.4035836177474403,
      "acc_norm_stderr": 0.014337158914268438
    },
    "arc_easy": {
      "acc": 0.6931818181818182,
      "acc_stderr": 0.009463075835198946,
      "acc_norm": 0.6388888888888888,
      "acc_norm_stderr": 0.00985601342581124
    },
    "boolq": {
      "acc": 0.7415902140672783,
      "acc_stderr": 0.007656477542140274
    },
    "hellaswag": {
      "acc": 0.5269866560446126,
      "acc_stderr": 0.00498250819858427,
      "acc_norm": 0.6857199761003784,
      "acc_norm_stderr": 0.004632797375289769
    },
    "openbookqa": {
      "acc": 0.322,
      "acc_stderr": 0.020916668330019882,
      "acc_norm": 0.436,
      "acc_norm_stderr": 0.0221989546414768
    },
    "piqa": {
      "acc": 0.7568008705114254,
      "acc_stderr": 0.01000961195385893,
      "acc_norm": 0.7513601741022851,
      "acc_norm_stderr": 0.010084511234296847
    },
    "race_high": {
      "acc": 0.384688995215311,
      "acc_stderr": 0.015057468843874149
    },
    "storycloze_2018": {
      "acc": 0.7878140032068413,
      "acc_stderr": 0.009454735948149237
    },
    "winogrande": {
      "acc": 0.67008681925809,
      "acc_stderr": 0.013214432542517548
    }
  },
  "versions": {
    "arc_challenge": 0,
    "arc_easy": 0,
    "boolq": 1,
    "hellaswag": 0,
    "openbookqa": 0,
    "piqa": 0,
    "race_high": 1,
    "storycloze_2018": 0,
    "winogrande": 0
  },
  "config": {
    "model": "lora-pruner",
    "model_args": "pretrained=./llama_pruned_a100_5B,peft=finetune_results/a100_mark28-2_LoRaApplyAll_lr1e-4_bs8_AlpacaGPT4,prompt_mark=1-1,peft_mode=True",
    "num_fewshot": 0,
    "batch_size": null,
    "batch_sizes": [],
    "device": "cuda:0",
    "no_cache": true,
    "limit": null,
    "bootstrap_iters": 100000,
    "description_dict": {}
  }
}