{
  "results": {
    "arc_challenge": {
      "acc": 0.3890784982935154,
      "acc_stderr": 0.014247309976045607,
      "acc_norm": 0.40784982935153585,
      "acc_norm_stderr": 0.014361097288449708
    },
    "arc_easy": {
      "acc": 0.6973905723905723,
      "acc_stderr": 0.009426434542371222,
      "acc_norm": 0.6342592592592593,
      "acc_norm_stderr": 0.009882988069418834
    },
    "boolq": {
      "acc": 0.7474006116207951,
      "acc_stderr": 0.007599506862204161
    },
    "hellaswag": {
      "acc": 0.5238996215893248,
      "acc_stderr": 0.004984077906216101,
      "acc_norm": 0.693487353116909,
      "acc_norm_stderr": 0.004601029188459101
    },
    "openbookqa": {
      "acc": 0.312,
      "acc_stderr": 0.02074059653648807,
      "acc_norm": 0.436,
      "acc_norm_stderr": 0.0221989546414768
    },
    "piqa": {
      "acc": 0.7600652883569097,
      "acc_stderr": 0.009963625892809545,
      "acc_norm": 0.7529923830250272,
      "acc_norm_stderr": 0.01006226814077263
    },
    "race_high": {
      "acc": 0.3980861244019139,
      "acc_stderr": 0.01514974937391744
    },
    "storycloze_2018": {
      "acc": 0.8011758417958311,
      "acc_stderr": 0.009229489830066644
    },
    "winogrande": {
      "acc": 0.6921862667719021,
      "acc_stderr": 0.012972946661205024
    }
  },
  "versions": {
    "arc_challenge": 0,
    "arc_easy": 0,
    "boolq": 1,
    "hellaswag": 0,
    "openbookqa": 0,
    "piqa": 0,
    "race_high": 1,
    "storycloze_2018": 0,
    "winogrande": 0
  },
  "config": {
    "model": "lora-pruner",
    "model_args": "pretrained=meta-llama/Llama-2-7b-hf,peft=/home/aisilicon/yiran/teamdrive/LoRaPruner/A100_pruning_ckpt/llama7b-2_mark25_LoRaApplyAll-s20.0-lr5e-05-reglr0.05-warmup4/2024-2-4-2-51/epoch6,prompt_mark=1-1",
    "num_fewshot": 0,
    "batch_size": null,
    "batch_sizes": [],
    "device": "cuda:0",
    "no_cache": true,
    "limit": null,
    "bootstrap_iters": 100000,
    "description_dict": {}
  }
}