{
  "results": {
    "arc_challenge": {
      "acc": 0.3447098976109215,
      "acc_stderr": 0.01388881628678211,
      "acc_norm": 0.34897610921501704,
      "acc_norm_stderr": 0.0139289334613825
    },
    "arc_easy": {
      "acc": 0.6220538720538721,
      "acc_stderr": 0.009949405744045464,
      "acc_norm": 0.5597643097643098,
      "acc_norm_stderr": 0.01018622862451566
    },
    "boolq": {
      "acc": 0.6834862385321101,
      "acc_stderr": 0.008134928228720317
    },
    "hellaswag": {
      "acc": 0.45628360884286,
      "acc_stderr": 0.004970672651595839,
      "acc_norm": 0.5909181437960566,
      "acc_norm_stderr": 0.004906595857916756
    },
    "openbookqa": {
      "acc": 0.26,
      "acc_stderr": 0.019635965529725515,
      "acc_norm": 0.398,
      "acc_norm_stderr": 0.021912377885779964
    },
    "piqa": {
      "acc": 0.7219804134929271,
      "acc_stderr": 0.010453117358332804,
      "acc_norm": 0.7274211099020674,
      "acc_norm_stderr": 0.01038925680329601
    },
    "race_high": {
      "acc": 0.35023923444976074,
      "acc_stderr": 0.014764164998575973
    },
    "storycloze_2018": {
      "acc": 0.7343666488508819,
      "acc_stderr": 0.010213555894697895
    },
    "winogrande": {
      "acc": 0.5753749013417522,
      "acc_stderr": 0.01389189315026423
    }
  },
  "versions": {
    "arc_challenge": 0,
    "arc_easy": 0,
    "boolq": 1,
    "hellaswag": 0,
    "openbookqa": 0,
    "piqa": 0,
    "race_high": 1,
    "storycloze_2018": 0,
    "winogrande": 0
  },
  "config": {
    "model": "lora-pruner",
    "model_args": "pretrained=meta-llama/Llama-2-7b-hf,peft=/home/aisilicon/yiran/teamdrive/LoRaPruner/A100_pruning_ckpt/llama7b-2_mark28-5_LoRaApplyAll-s34.56-lr5e-05-reglr0.05-warmup4/2024-2-11-0-25/epoch6,prompt_mark=1-1",
    "num_fewshot": 0,
    "batch_size": null,
    "batch_sizes": [],
    "device": "cuda:0",
    "no_cache": true,
    "limit": null,
    "bootstrap_iters": 100000,
    "description_dict": {}
  }
}