{
  "results": {
    "arc_challenge": {
      "acc": 0.3796928327645051,
      "acc_stderr": 0.014182119866974872,
      "acc_norm": 0.38822525597269625,
      "acc_norm_stderr": 0.014241614207414044
    },
    "arc_easy": {
      "acc": 0.6721380471380471,
      "acc_stderr": 0.00963258707617002,
      "acc_norm": 0.5963804713804713,
      "acc_norm_stderr": 0.01006736896034823
    },
    "boolq": {
      "acc": 0.7776758409785933,
      "acc_stderr": 0.007272524157971109
    },
    "hellaswag": {
      "acc": 0.5396335391356304,
      "acc_stderr": 0.004974080638364249,
      "acc_norm": 0.7069308902609042,
      "acc_norm_stderr": 0.004542396269999215
    },
    "openbookqa": {
      "acc": 0.33,
      "acc_stderr": 0.021049612166134806,
      "acc_norm": 0.432,
      "acc_norm_stderr": 0.02217510926561317
    },
    "piqa": {
      "acc": 0.7562568008705114,
      "acc_stderr": 0.010017199471500622,
      "acc_norm": 0.750816104461371,
      "acc_norm_stderr": 0.010091882770120214
    },
    "race_high": {
      "acc": 0.40669856459330145,
      "acc_stderr": 0.01520280657414579
    },
    "storycloze_2018": {
      "acc": 0.8188134687332977,
      "acc_stderr": 0.008907065396988224
    },
    "winogrande": {
      "acc": 0.6708760852407262,
      "acc_stderr": 0.01320638708909146
    }
  },
  "versions": {
    "arc_challenge": 0,
    "arc_easy": 0,
    "boolq": 1,
    "hellaswag": 0,
    "openbookqa": 0,
    "piqa": 0,
    "race_high": 1,
    "storycloze_2018": 0,
    "winogrande": 0
  },
  "config": {
    "model": "lora-pruner",
    "model_args": "pretrained=./llama_pruned_5.4B,peft=./finetune_results/mark25_LoRaApplyAll_lr1e-4_bs8_AlpacaGPT4,prompt_mark=1-1,peft_mode=True",
    "num_fewshot": 0,
    "batch_size": null,
    "batch_sizes": [],
    "device": "cuda:0",
    "no_cache": true,
    "limit": null,
    "bootstrap_iters": 100000,
    "description_dict": {}
  }
}