{
  "results": {
    "arc_challenge": {
      "acc": 0.38993174061433444,
      "acc_stderr": 0.014252959848892884,
      "acc_norm": 0.3993174061433447,
      "acc_norm_stderr": 0.014312094557946698
    },
    "arc_easy": {
      "acc": 0.7175925925925926,
      "acc_stderr": 0.009237303403479336,
      "acc_norm": 0.6776094276094277,
      "acc_norm_stderr": 0.009590672908157438
    },
    "boolq": {
      "acc": 0.7192660550458716,
      "acc_stderr": 0.00785931664284951
    },
    "hellaswag": {
      "acc": 0.5256920932085242,
      "acc_stderr": 0.004983189711208504,
      "acc_norm": 0.7035451105357499,
      "acc_norm_stderr": 0.004557606227194296
    },
    "openbookqa": {
      "acc": 0.306,
      "acc_stderr": 0.020629569998345407,
      "acc_norm": 0.41,
      "acc_norm_stderr": 0.022017482578127676
    },
    "piqa": {
      "acc": 0.7557127312295974,
      "acc_stderr": 0.010024765172284246,
      "acc_norm": 0.7611534276387377,
      "acc_norm_stderr": 0.009948120385337484
    },
    "race_high": {
      "acc": 0.384688995215311,
      "acc_stderr": 0.015057468843874147
    },
    "storycloze_2018": {
      "acc": 0.7675040085515767,
      "acc_stderr": 0.009768485983019454
    },
    "winogrande": {
      "acc": 0.6432517758484609,
      "acc_stderr": 0.013463393958028726
    }
  },
  "versions": {
    "arc_challenge": 0,
    "arc_easy": 0,
    "boolq": 1,
    "hellaswag": 0,
    "openbookqa": 0,
    "piqa": 0,
    "race_high": 1,
    "storycloze_2018": 0,
    "winogrande": 0
  },
  "config": {
    "model": "lora-pruner",
    "model_args": "pretrained=./llama_pruned_a100_5.4B,peft=finetune_results/a100_updatetokenizer_mark25_LoRaApplyAll_lr1e-5_bs8_AlpacaGPT4,prompt_mark=0,peft_mode=True",
    "num_fewshot": 0,
    "batch_size": null,
    "batch_sizes": [],
    "device": "cuda:0",
    "no_cache": true,
    "limit": null,
    "bootstrap_iters": 100000,
    "description_dict": {}
  }
}