{
  "results": {
    "arc_challenge": {
      "acc": 0.36945392491467577,
      "acc_stderr": 0.014104578366491897,
      "acc_norm": 0.40784982935153585,
      "acc_norm_stderr": 0.014361097288449708
    },
    "arc_easy": {
      "acc": 0.6957070707070707,
      "acc_stderr": 0.009441202922359185,
      "acc_norm": 0.6195286195286195,
      "acc_norm_stderr": 0.009962305992058565
    },
    "boolq": {
      "acc": 0.7746177370030581,
      "acc_stderr": 0.007307959399119189
    },
    "hellaswag": {
      "acc": 0.5348536148177654,
      "acc_stderr": 0.004977643730848595,
      "acc_norm": 0.706831308504282,
      "acc_norm_stderr": 0.0045428479356060154
    },
    "openbookqa": {
      "acc": 0.336,
      "acc_stderr": 0.021144791425048846,
      "acc_norm": 0.426,
      "acc_norm_stderr": 0.022136577335085637
    },
    "piqa": {
      "acc": 0.7475516866158868,
      "acc_stderr": 0.010135665547362364,
      "acc_norm": 0.7519042437431991,
      "acc_norm_stderr": 0.010077118315574708
    },
    "race_high": {
      "acc": 0.3990430622009569,
      "acc_stderr": 0.015155885289809323
    },
    "storycloze_2018": {
      "acc": 0.8017103153393907,
      "acc_stderr": 0.009220150149513565
    },
    "winogrande": {
      "acc": 0.6985003946329913,
      "acc_stderr": 0.012897628072546682
    }
  },
  "versions": {
    "arc_challenge": 0,
    "arc_easy": 0,
    "boolq": 1,
    "hellaswag": 0,
    "openbookqa": 0,
    "piqa": 0,
    "race_high": 1,
    "storycloze_2018": 0,
    "winogrande": 0
  },
  "config": {
    "model": "lora-pruner",
    "model_args": "pretrained=./llama_pruned_a100_5.4B/,peft=/mnt/jiahang/LoRaPruner/finetune_results/a100_mark25_LoRaApplyAll_lr1e-4_bs8_AlpacaGPT4,prompt_mark=1,peft_mode=True",
    "num_fewshot": 0,
    "batch_size": null,
    "batch_sizes": [],
    "device": "cuda:0",
    "no_cache": true,
    "limit": null,
    "bootstrap_iters": 100000,
    "description_dict": {}
  }
}