{
  "results": {
    "arc_challenge": {
      "acc": 0.3728668941979522,
      "acc_stderr": 0.014131176760131163,
      "acc_norm": 0.40273037542662116,
      "acc_norm_stderr": 0.014332236306790147
    },
    "arc_easy": {
      "acc": 0.6973905723905723,
      "acc_stderr": 0.009426434542371225,
      "acc_norm": 0.6279461279461279,
      "acc_norm_stderr": 0.009918187193096475
    },
    "boolq": {
      "acc": 0.7810397553516819,
      "acc_stderr": 0.007232888074806872
    },
    "hellaswag": {
      "acc": 0.5371439952200757,
      "acc_stderr": 0.004975993795562024,
      "acc_norm": 0.7074287990440151,
      "acc_norm_stderr": 0.004540134005060325
    },
    "openbookqa": {
      "acc": 0.34,
      "acc_stderr": 0.021206117013673066,
      "acc_norm": 0.428,
      "acc_norm_stderr": 0.022149790663861926
    },
    "piqa": {
      "acc": 0.7486398258977149,
      "acc_stderr": 0.010121156016819257,
      "acc_norm": 0.7529923830250272,
      "acc_norm_stderr": 0.010062268140772622
    },
    "race_high": {
      "acc": 0.3952153110047847,
      "acc_stderr": 0.015130978883893864
    },
    "storycloze_2018": {
      "acc": 0.8054516301443079,
      "acc_stderr": 0.009154038343292818
    },
    "winogrande": {
      "acc": 0.7008681925808997,
      "acc_stderr": 0.012868639066091541
    }
  },
  "versions": {
    "arc_challenge": 0,
    "arc_easy": 0,
    "boolq": 1,
    "hellaswag": 0,
    "openbookqa": 0,
    "piqa": 0,
    "race_high": 1,
    "storycloze_2018": 0,
    "winogrande": 0
  },
  "config": {
    "model": "lora-pruner",
    "model_args": "pretrained=./llama_pruned_a100_5.4B,peft=finetune_results/a100_mark25_LoRaApplyAll_lr1e-4_bs8_AlpacaGPT4,prompt_mark=1-1,peft_mode=True",
    "num_fewshot": 0,
    "batch_size": null,
    "batch_sizes": [],
    "device": "cuda:0",
    "no_cache": true,
    "limit": null,
    "bootstrap_iters": 100000,
    "description_dict": {}
  }
}