{
  "results": {
    "arc_challenge": {
      "acc": 0.371160409556314,
      "acc_stderr": 0.014117971901142811,
      "acc_norm": 0.38310580204778155,
      "acc_norm_stderr": 0.014206472661672876
    },
    "arc_easy": {
      "acc": 0.6767676767676768,
      "acc_stderr": 0.009597218642045324,
      "acc_norm": 0.6026936026936027,
      "acc_norm_stderr": 0.010041053078884286
    },
    "boolq": {
      "acc": 0.7758409785932722,
      "acc_stderr": 0.0072938530280024704
    },
    "hellaswag": {
      "acc": 0.538338976299542,
      "acc_stderr": 0.004975091055697188,
      "acc_norm": 0.7056363274248157,
      "acc_norm_stderr": 0.0045482474875463245
    },
    "openbookqa": {
      "acc": 0.322,
      "acc_stderr": 0.020916668330019882,
      "acc_norm": 0.416,
      "acc_norm_stderr": 0.022064943313928873
    },
    "piqa": {
      "acc": 0.7540805223068553,
      "acc_stderr": 0.010047331865625201,
      "acc_norm": 0.7464635473340587,
      "acc_norm_stderr": 0.010150090834551791
    },
    "storycloze_2018": {
      "acc": 0.8177445216461785,
      "acc_stderr": 0.008927468246119811
    },
    "winogrande": {
      "acc": 0.6732438831886346,
      "acc_stderr": 0.013181997302131364
    }
  },
  "versions": {
    "arc_challenge": 0,
    "arc_easy": 0,
    "boolq": 1,
    "hellaswag": 0,
    "openbookqa": 0,
    "piqa": 0,
    "storycloze_2018": 0,
    "winogrande": 0
  },
  "config": {
    "model": "lora-pruner",
    "model_args": "pretrained=./llama_pruned,peft=./finetune_results/mark25_LoRaApplyAll_lr2e-5_bs8_AlpacaGPT4,peft_mode=True,prompt_mark=1",
    "num_fewshot": 0,
    "batch_size": null,
    "batch_sizes": [],
    "device": "cuda:0",
    "no_cache": true,
    "limit": null,
    "bootstrap_iters": 100000,
    "description_dict": {}
  }
}