{
  "results": {
    "arc_challenge": {
      "acc": 0.39505119453924914,
      "acc_stderr": 0.014285898292938179,
      "acc_norm": 0.4121160409556314,
      "acc_norm_stderr": 0.014383915302225395
    },
    "arc_easy": {
      "acc": 0.6948653198653199,
      "acc_stderr": 0.00944853109416391,
      "acc_norm": 0.6279461279461279,
      "acc_norm_stderr": 0.00991818719309647
    },
    "boolq": {
      "acc": 0.7749235474006116,
      "acc_stderr": 0.007304441235119554
    },
    "hellaswag": {
      "acc": 0.5363473411670981,
      "acc_stderr": 0.004976579655169286,
      "acc_norm": 0.7105158334993029,
      "acc_norm_stderr": 0.004525960965551706
    },
    "openbookqa": {
      "acc": 0.318,
      "acc_stderr": 0.02084757162081401,
      "acc_norm": 0.426,
      "acc_norm_stderr": 0.022136577335085637
    },
    "piqa": {
      "acc": 0.7573449401523396,
      "acc_stderr": 0.010002002569708698,
      "acc_norm": 0.7573449401523396,
      "acc_norm_stderr": 0.01000200256970869
    },
    "race_high": {
      "acc": 0.40956937799043064,
      "acc_stderr": 0.015219413853654539
    },
    "storycloze_2018": {
      "acc": 0.8043826830571886,
      "acc_stderr": 0.00917305931784018
    },
    "winogrande": {
      "acc": 0.6866614048934491,
      "acc_stderr": 0.013036512096747978
    }
  },
  "versions": {
    "arc_challenge": 0,
    "arc_easy": 0,
    "boolq": 1,
    "hellaswag": 0,
    "openbookqa": 0,
    "piqa": 0,
    "race_high": 1,
    "storycloze_2018": 0,
    "winogrande": 0
  },
  "config": {
    "model": "lora-pruner",
    "model_args": "pretrained=./llama_pruned_a100_5.4B,peft=finetune_results/a100_mark25_LoRaApplyAll_lr2e-4_bs8_AlpacaGPT4,prompt_mark=1,peft_mode=True",
    "num_fewshot": 0,
    "batch_size": null,
    "batch_sizes": [],
    "device": "cuda:0",
    "no_cache": true,
    "limit": null,
    "bootstrap_iters": 100000,
    "description_dict": {}
  }
}