{
  "results": {
    "arc_challenge": {
      "acc": 0.36177474402730375,
      "acc_stderr": 0.014041957945038076,
      "acc_norm": 0.3720136518771331,
      "acc_norm_stderr": 0.014124597881844461
    },
    "arc_easy": {
      "acc": 0.6515151515151515,
      "acc_stderr": 0.00977737794710653,
      "acc_norm": 0.5845959595959596,
      "acc_norm_stderr": 0.010111869494911517
    },
    "boolq": {
      "acc": 0.6681957186544343,
      "acc_stderr": 0.008235412870849406
    },
    "hellaswag": {
      "acc": 0.4736108344951205,
      "acc_stderr": 0.004982826916687147,
      "acc_norm": 0.6218880701055567,
      "acc_norm_stderr": 0.0048392473326060465
    },
    "openbookqa": {
      "acc": 0.288,
      "acc_stderr": 0.02027150383507522,
      "acc_norm": 0.398,
      "acc_norm_stderr": 0.021912377885779964
    },
    "piqa": {
      "acc": 0.7328618063112078,
      "acc_stderr": 0.010323440492612433,
      "acc_norm": 0.7410228509249184,
      "acc_norm_stderr": 0.010220966031405616
    },
    "race_high": {
      "acc": 0.36363636363636365,
      "acc_stderr": 0.014887990437591418
    },
    "storycloze_2018": {
      "acc": 0.7664350614644575,
      "acc_stderr": 0.009784095957309282
    },
    "winogrande": {
      "acc": 0.6022099447513812,
      "acc_stderr": 0.013755743513749023
    }
  },
  "versions": {
    "arc_challenge": 0,
    "arc_easy": 0,
    "boolq": 1,
    "hellaswag": 0,
    "openbookqa": 0,
    "piqa": 0,
    "race_high": 1,
    "storycloze_2018": 0,
    "winogrande": 0
  },
  "config": {
    "model": "lora-pruner",
    "model_args": "pretrained=./llama_pruned_a100_4.5B,peft=finetune_results/a100_updatetokenizer_mark28-5_lr5e-5_bs8_AlpacaGPT4,prompt_mark=1-1,peft_mode=True",
    "num_fewshot": 0,
    "batch_size": null,
    "batch_sizes": [],
    "device": "cuda:0",
    "no_cache": true,
    "limit": null,
    "bootstrap_iters": 100000,
    "description_dict": {}
  }
}