{
  "results": {
    "arc_challenge": {
      "acc": 0.33361774744027306,
      "acc_stderr": 0.013778687054176538,
      "acc_norm": 0.35238907849829354,
      "acc_norm_stderr": 0.013960142600598692
    },
    "arc_easy": {
      "acc": 0.6296296296296297,
      "acc_stderr": 0.009908978578665757,
      "acc_norm": 0.5580808080808081,
      "acc_norm_stderr": 0.01019032812307177
    },
    "boolq": {
      "acc": 0.6892966360856269,
      "acc_stderr": 0.008094100581882603
    },
    "hellaswag": {
      "acc": 0.46574387572196774,
      "acc_stderr": 0.00497805679879487,
      "acc_norm": 0.6041625174268074,
      "acc_norm_stderr": 0.004880303863138508
    },
    "openbookqa": {
      "acc": 0.308,
      "acc_stderr": 0.020667032987466104,
      "acc_norm": 0.39,
      "acc_norm_stderr": 0.021834685869369205
    },
    "piqa": {
      "acc": 0.7159956474428727,
      "acc_stderr": 0.010521147542454227,
      "acc_norm": 0.7225244831338411,
      "acc_norm_stderr": 0.010446818281039936
    },
    "race_high": {
      "acc": 0.3712918660287081,
      "acc_stderr": 0.014953126515089406
    },
    "storycloze_2018": {
      "acc": 0.755211117049706,
      "acc_stderr": 0.009942812031202685
    },
    "winogrande": {
      "acc": 0.6298342541436464,
      "acc_stderr": 0.013570454689603911
    }
  },
  "versions": {
    "arc_challenge": 0,
    "arc_easy": 0,
    "boolq": 1,
    "hellaswag": 0,
    "openbookqa": 0,
    "piqa": 0,
    "race_high": 1,
    "storycloze_2018": 0,
    "winogrande": 0
  },
  "config": {
    "model": "lora-pruner",
    "model_args": "pretrained=./llama_pruned_4.5B,peft=./finetune_results/mark28-5_lr1e-4_bs8_AlpacaGPT4,prompt_mark=1-1,peft_mode=True",
    "num_fewshot": 0,
    "batch_size": null,
    "batch_sizes": [],
    "device": "cuda:0",
    "no_cache": true,
    "limit": null,
    "bootstrap_iters": 100000,
    "description_dict": {}
  }
}