{
  "results": {
    "arc_challenge": {
      "acc": 0.35409556313993173,
      "acc_stderr": 0.013975454122756564,
      "acc_norm": 0.3822525597269625,
      "acc_norm_stderr": 0.014200454049979282
    },
    "arc_easy": {
      "acc": 0.6426767676767676,
      "acc_stderr": 0.00983320561246312,
      "acc_norm": 0.5694444444444444,
      "acc_norm_stderr": 0.010160345396860084
    },
    "boolq": {
      "acc": 0.718348623853211,
      "acc_stderr": 0.007867126084150715
    },
    "hellaswag": {
      "acc": 0.4733120892252539,
      "acc_stderr": 0.004982668452118939,
      "acc_norm": 0.6213901613224457,
      "acc_norm_stderr": 0.004840493603166194
    },
    "openbookqa": {
      "acc": 0.282,
      "acc_stderr": 0.020143572847290778,
      "acc_norm": 0.416,
      "acc_norm_stderr": 0.022064943313928866
    },
    "piqa": {
      "acc": 0.7323177366702938,
      "acc_stderr": 0.010330111189370439,
      "acc_norm": 0.7317736670293797,
      "acc_norm_stderr": 0.010336761992404483
    },
    "race_high": {
      "acc": 0.3751196172248804,
      "acc_stderr": 0.014984183551431952
    },
    "storycloze_2018": {
      "acc": 0.7707108498129343,
      "acc_stderr": 0.009721128535131901
    },
    "winogrande": {
      "acc": 0.5998421468034728,
      "acc_stderr": 0.013769472660464991
    }
  },
  "versions": {
    "arc_challenge": 0,
    "arc_easy": 0,
    "boolq": 1,
    "hellaswag": 0,
    "openbookqa": 0,
    "piqa": 0,
    "race_high": 1,
    "storycloze_2018": 0,
    "winogrande": 0
  },
  "config": {
    "model": "lora-pruner",
    "model_args": "pretrained=./llama_pruned_a100_4.5B_LoRaApplyAll,peft=finetune_results/a100_updatetokenizer_mark28-5_LoRaApplyAll_lr1e-4_bs8_AlpacaGPT4,prompt_mark=1-1,peft_mode=True",
    "num_fewshot": 0,
    "batch_size": null,
    "batch_sizes": [],
    "device": "cuda:0",
    "no_cache": true,
    "limit": null,
    "bootstrap_iters": 100000,
    "description_dict": {}
  }
}