{
  "results": {
    "arc_challenge": {
      "acc": 0.3703071672354949,
      "acc_stderr": 0.014111298751674948,
      "acc_norm": 0.4061433447098976,
      "acc_norm_stderr": 0.014351656690097856
    },
    "arc_easy": {
      "acc": 0.6957070707070707,
      "acc_stderr": 0.009441202922359185,
      "acc_norm": 0.6203703703703703,
      "acc_norm_stderr": 0.009958037725468551
    },
    "boolq": {
      "acc": 0.7761467889908257,
      "acc_stderr": 0.007290312360053285
    },
    "hellaswag": {
      "acc": 0.5342561242780323,
      "acc_stderr": 0.0049780567987948625,
      "acc_norm": 0.7061342362079267,
      "acc_norm_stderr": 0.004546002255456772
    },
    "openbookqa": {
      "acc": 0.33,
      "acc_stderr": 0.02104961216613479,
      "acc_norm": 0.438,
      "acc_norm_stderr": 0.022210326363977417
    },
    "piqa": {
      "acc": 0.749727965179543,
      "acc_stderr": 0.010106561880089786,
      "acc_norm": 0.7480957562568009,
      "acc_norm_stderr": 0.010128421335088685
    },
    "race_high": {
      "acc": 0.4,
      "acc_stderr": 0.015161960871578095
    },
    "storycloze_2018": {
      "acc": 0.8043826830571886,
      "acc_stderr": 0.009173059317840177
    },
    "winogrande": {
      "acc": 0.7008681925808997,
      "acc_stderr": 0.01286863906609154
    }
  },
  "versions": {
    "arc_challenge": 0,
    "arc_easy": 0,
    "boolq": 1,
    "hellaswag": 0,
    "openbookqa": 0,
    "piqa": 0,
    "race_high": 1,
    "storycloze_2018": 0,
    "winogrande": 0
  },
  "config": {
    "model": "lora-pruner",
    "model_args": "pretrained=./llama_pruned_a100_5.4B,peft=./finetune_results/a100_mark25_LoRaApplyAll_lr1e-4_bs8_AlpacaGPT4,prompt_mark=1-1,peft_mode=True",
    "num_fewshot": 0,
    "batch_size": null,
    "batch_sizes": [],
    "device": "cuda:0",
    "no_cache": true,
    "limit": null,
    "bootstrap_iters": 100000,
    "description_dict": {}
  }
}