{
  "results": {
    "arc_challenge": {
      "acc": 0.32849829351535836,
      "acc_stderr": 0.013724978465537371,
      "acc_norm": 0.3412969283276451,
      "acc_norm_stderr": 0.013855831287497728
    },
    "arc_easy": {
      "acc": 0.627104377104377,
      "acc_stderr": 0.009922743197129253,
      "acc_norm": 0.5572390572390572,
      "acc_norm_stderr": 0.010192333348394462
    },
    "boolq": {
      "acc": 0.6926605504587156,
      "acc_stderr": 0.00806978420020734
    },
    "hellaswag": {
      "acc": 0.45668193586934874,
      "acc_stderr": 0.004971019942726576,
      "acc_norm": 0.5940051782513444,
      "acc_norm_stderr": 0.00490079886804813
    },
    "openbookqa": {
      "acc": 0.304,
      "acc_stderr": 0.020591649571224932,
      "acc_norm": 0.388,
      "acc_norm_stderr": 0.021814300984787635
    },
    "piqa": {
      "acc": 0.7138193688792165,
      "acc_stderr": 0.010545318576106636,
      "acc_norm": 0.7143634385201306,
      "acc_norm_stderr": 0.010539303948661916
    },
    "race_high": {
      "acc": 0.37320574162679426,
      "acc_stderr": 0.01496878028376124
    },
    "storycloze_2018": {
      "acc": 0.7455905932656334,
      "acc_stderr": 0.010071542492663043
    },
    "winogrande": {
      "acc": 0.6290449881610103,
      "acc_stderr": 0.01357639990223157
    }
  },
  "versions": {
    "arc_challenge": 0,
    "arc_easy": 0,
    "boolq": 1,
    "hellaswag": 0,
    "openbookqa": 0,
    "piqa": 0,
    "race_high": 1,
    "storycloze_2018": 0,
    "winogrande": 0
  },
  "config": {
    "model": "lora-pruner",
    "model_args": "pretrained=./llama_pruned_4.5B,peft=./finetune_results/mark28-5_lr1e-5_bs8_AlpacaGPT4,prompt_mark=1-1,peft_mode=True",
    "num_fewshot": 0,
    "batch_size": null,
    "batch_sizes": [],
    "device": "cuda:0",
    "no_cache": true,
    "limit": null,
    "bootstrap_iters": 100000,
    "description_dict": {}
  }
}