{
  "results": {
    "arc_challenge": {
      "acc": 0.3856655290102389,
      "acc_stderr": 0.01422425097325717,
      "acc_norm": 0.39078498293515357,
      "acc_norm_stderr": 0.014258563880513778
    },
    "arc_easy": {
      "acc": 0.7070707070707071,
      "acc_stderr": 0.009338583737393607,
      "acc_norm": 0.6788720538720538,
      "acc_norm_stderr": 0.009580787536986797
    },
    "boolq": {
      "acc": 0.718348623853211,
      "acc_stderr": 0.007867126084150699
    },
    "hellaswag": {
      "acc": 0.5204142601075483,
      "acc_stderr": 0.004985620773683434,
      "acc_norm": 0.6986656044612627,
      "acc_norm_stderr": 0.0045789990291279885
    },
    "openbookqa": {
      "acc": 0.292,
      "acc_stderr": 0.020354375480530075,
      "acc_norm": 0.406,
      "acc_norm_stderr": 0.021983962090086333
    },
    "piqa": {
      "acc": 0.7529923830250272,
      "acc_stderr": 0.010062268140772625,
      "acc_norm": 0.7589771490750816,
      "acc_norm_stderr": 0.009979042717267312
    },
    "race_high": {
      "acc": 0.38086124401913873,
      "acc_stderr": 0.015028897988042744
    },
    "storycloze_2018": {
      "acc": 0.7744521646178514,
      "acc_stderr": 0.00966486578599374
    },
    "winogrande": {
      "acc": 0.6408839779005525,
      "acc_stderr": 0.013483115202120222
    }
  },
  "versions": {
    "arc_challenge": 0,
    "arc_easy": 0,
    "boolq": 1,
    "hellaswag": 0,
    "openbookqa": 0,
    "piqa": 0,
    "race_high": 1,
    "storycloze_2018": 0,
    "winogrande": 0
  },
  "config": {
    "model": "lora-pruner",
    "model_args": "pretrained=meta-llama/Llama-2-7b-hf,peft=/home/aisilicon/yiran/teamdrive/LoRaPruner/A100_pruning_ckpt/llama7b-2_mark25_LoRaApplyAll-s20.0-lr5e-05-reglr0.05-warmup4/2024-2-4-2-51/epoch6,prompt_mark=0",
    "num_fewshot": 0,
    "batch_size": null,
    "batch_sizes": [],
    "device": "cuda:0",
    "no_cache": true,
    "limit": null,
    "bootstrap_iters": 100000,
    "description_dict": {}
  }
}