{
  "results": {
    "arc_challenge": {
      "acc": 0.37627986348122866,
      "acc_stderr": 0.014157022555407175,
      "acc_norm": 0.40273037542662116,
      "acc_norm_stderr": 0.014332236306790149
    },
    "arc_easy": {
      "acc": 0.6910774410774411,
      "acc_stderr": 0.009481048387761351,
      "acc_norm": 0.6397306397306397,
      "acc_norm_stderr": 0.00985100258473238
    },
    "boolq": {
      "acc": 0.7339449541284404,
      "acc_stderr": 0.007728763786791676
    },
    "hellaswag": {
      "acc": 0.5209121688906593,
      "acc_stderr": 0.004985415250690907,
      "acc_norm": 0.6861183031268672,
      "acc_norm_stderr": 0.004631205099684964
    },
    "openbookqa": {
      "acc": 0.338,
      "acc_stderr": 0.02117566569520941,
      "acc_norm": 0.444,
      "acc_norm_stderr": 0.022242244375731017
    },
    "piqa": {
      "acc": 0.7606093579978237,
      "acc_stderr": 0.00995588425029169,
      "acc_norm": 0.7535364526659413,
      "acc_norm_stderr": 0.01005481078967181
    },
    "race_high": {
      "acc": 0.38564593301435407,
      "acc_stderr": 0.015064457528125824
    },
    "storycloze_2018": {
      "acc": 0.7888829502939605,
      "acc_stderr": 0.009437286415175758
    },
    "winogrande": {
      "acc": 0.6692975532754538,
      "acc_stderr": 0.013222435887002686
    }
  },
  "versions": {
    "arc_challenge": 0,
    "arc_easy": 0,
    "boolq": 1,
    "hellaswag": 0,
    "openbookqa": 0,
    "piqa": 0,
    "race_high": 1,
    "storycloze_2018": 0,
    "winogrande": 0
  },
  "config": {
    "model": "lora-pruner",
    "model_args": "pretrained=./llama_pruned_a100_5B,peft=finetune_results/a100_updatetokenizer_mark28-2_LoRaApplyAll_lr5e-5_bs8_AlpacaGPT4,prompt_mark=1-1,peft_mode=True",
    "num_fewshot": 0,
    "batch_size": null,
    "batch_sizes": [],
    "device": "cuda:0",
    "no_cache": true,
    "limit": null,
    "bootstrap_iters": 100000,
    "description_dict": {}
  }
}