{
  "results": {
    "arc_challenge": {
      "acc": 0.3890784982935154,
      "acc_stderr": 0.014247309976045607,
      "acc_norm": 0.4112627986348123,
      "acc_norm_stderr": 0.014379441068522075
    },
    "arc_easy": {
      "acc": 0.6936026936026936,
      "acc_stderr": 0.009459453573398332,
      "acc_norm": 0.6296296296296297,
      "acc_norm_stderr": 0.00990897857866575
    },
    "boolq": {
      "acc": 0.7718654434250765,
      "acc_stderr": 0.007339371583697477
    },
    "hellaswag": {
      "acc": 0.5377414857598088,
      "acc_stderr": 0.004975546018950672,
      "acc_norm": 0.709520015933081,
      "acc_norm_stderr": 0.004530560646902538
    },
    "openbookqa": {
      "acc": 0.32,
      "acc_stderr": 0.020882340488761805,
      "acc_norm": 0.428,
      "acc_norm_stderr": 0.022149790663861926
    },
    "piqa": {
      "acc": 0.7568008705114254,
      "acc_stderr": 0.010009611953858922,
      "acc_norm": 0.7562568008705114,
      "acc_norm_stderr": 0.010017199471500609
    },
    "race_high": {
      "acc": 0.4028708133971292,
      "acc_stderr": 0.01517982633299447
    },
    "storycloze_2018": {
      "acc": 0.8033137359700695,
      "acc_stderr": 0.009191974457289753
    },
    "winogrande": {
      "acc": 0.6866614048934491,
      "acc_stderr": 0.013036512096747981
    }
  },
  "versions": {
    "arc_challenge": 0,
    "arc_easy": 0,
    "boolq": 1,
    "hellaswag": 0,
    "openbookqa": 0,
    "piqa": 0,
    "race_high": 1,
    "storycloze_2018": 0,
    "winogrande": 0
  },
  "config": {
    "model": "lora-pruner",
    "model_args": "pretrained=./llama_pruned_a100_5.4B,peft=finetune_results/a100_mark25_LoRaApplyAll_lr2e-4_bs8_AlpacaGPT4,prompt_mark=1-1,peft_mode=True",
    "num_fewshot": 0,
    "batch_size": null,
    "batch_sizes": [],
    "device": "cuda:0",
    "no_cache": true,
    "limit": null,
    "bootstrap_iters": 100000,
    "description_dict": {}
  }
}