{
  "results": {
    "arc_challenge": {
      "acc": 0.3924914675767918,
      "acc_stderr": 0.014269634635670705,
      "acc_norm": 0.4035836177474403,
      "acc_norm_stderr": 0.014337158914268447
    },
    "arc_easy": {
      "acc": 0.6931818181818182,
      "acc_stderr": 0.009463075835198944,
      "acc_norm": 0.6414141414141414,
      "acc_norm_stderr": 0.009840882301225297
    },
    "boolq": {
      "acc": 0.7382262996941896,
      "acc_stderr": 0.007688653730439831
    },
    "hellaswag": {
      "acc": 0.5258912567217686,
      "acc_stderr": 0.004983087049281749,
      "acc_norm": 0.6840270862378013,
      "acc_norm_stderr": 0.004639520453444028
    },
    "openbookqa": {
      "acc": 0.324,
      "acc_stderr": 0.020950557312477455,
      "acc_norm": 0.422,
      "acc_norm_stderr": 0.022109039310618552
    },
    "piqa": {
      "acc": 0.764961915125136,
      "acc_stderr": 0.009893146688805324,
      "acc_norm": 0.7535364526659413,
      "acc_norm_stderr": 0.010054810789671811
    },
    "race_high": {
      "acc": 0.38086124401913873,
      "acc_stderr": 0.015028897988042744
    },
    "storycloze_2018": {
      "acc": 0.7910208444681989,
      "acc_stderr": 0.009402095229142756
    },
    "winogrande": {
      "acc": 0.6535122336227308,
      "acc_stderr": 0.013373773411685644
    }
  },
  "versions": {
    "arc_challenge": 0,
    "arc_easy": 0,
    "boolq": 1,
    "hellaswag": 0,
    "openbookqa": 0,
    "piqa": 0,
    "race_high": 1,
    "storycloze_2018": 0,
    "winogrande": 0
  },
  "config": {
    "model": "lora-pruner",
    "model_args": "pretrained=./llama_pruned_a100_5B,peft=finetune_results/a100_updatetokenizer_mark28-2_LoRaApplyAll_lr2e-4_bs8_AlpacaGPT4,prompt_mark=1-1,peft_mode=True",
    "num_fewshot": 0,
    "batch_size": null,
    "batch_sizes": [],
    "device": "cuda:0",
    "no_cache": true,
    "limit": null,
    "bootstrap_iters": 100000,
    "description_dict": {}
  }
}